<?xml version="1.0" encoding="UTF-8"?>
<project-private xmlns="http://www.netbeans.org/ns/project-private/1">
    <editor-bookmarks xmlns="http://www.netbeans.org/ns/editor-bookmarks/2" lastBookmarkId="0"/>
    <open-files xmlns="http://www.netbeans.org/ns/projectui-open-files/2">
        <group>
            <file>file:/D:/uFidélitas/3er%20Cuatrimestre/Estructuras%20de%20Datos/Lectura/SemiProyecto/src/semiproyecto/Gestion.java</file>
            <file>file:/D:/uFidélitas/3er%20Cuatrimestre/Estructuras%20de%20Datos/Lectura/SemiProyecto/src/semiproyecto/SemiProyecto.java</file>
            <file>file:/D:/uFidélitas/3er%20Cuatrimestre/Estructuras%20de%20Datos/Lectura/SemiProyecto/src/semiproyecto/Menu.java</file>
        </group>
    </open-files>
</project-private>
